Sage,Murray,murray.sage@mcclure.biz,"=""1974-07-29"""
Marjory,Emard,Marjory.Emard,"=""1986-08-01"""
Abelardo,Harber,harber.abelardo@waelchischmeler.org,"=""1985-08-22"""
Preston,Farrell,,"=""1978-10-04"""
Alanis,Runolfsson,runolfsson.alanis@jones.io,"=""1985-06-19"""
Gussie,Conn,gussie_conn@kuhic.net,"=""1968-01-19"""
Ferne,Dickens,dickens_ferne@considine.org,"=""1961-11-18"""
Corine,Grady,corine.grady@ondricka.io,"=""1978-08-04"""
Georgiana,Willms,georgiana_willms@kaulkekozey.org,"=""1978-02-19"""
Nikki,Simonis,nikki.simonis@ledner.biz,"=""1984-08-31"""
Wilhelmine,Morar,wilhelmine_morar@rippin.net,"=""1988-11-25"""
Claudine,Stehr,,"=""1982-09-27"""
Roderick,Rolfson,,"=""1977-07-13"""
Emmie,Roberts,,"=""2000-04-01"""
Rupert,Moen,Rupert.Moen,"=""2004-01-15"""
Jacinto,Schroeder,jacinto.schroeder@macgyver.biz,"=""1961-01-16"""
Cruz,Flatley,cruz.flatley@stamm.io,"=""1968-10-21"""
Alek,Bechtelar,bechtelar.alek@lueilwitzdach.net,"=""1960-07-28"""
Leslie,Mitchell,mitchell.leslie@orn.net,"=""1971-09-27"""
Heaven,Kohler,heaven.kohler@ritchiejenkins.co,"=""1957-10-18"""
Sister,Orn,orn.sister@nitzsche.org,"=""1991-01-29"""
Lavada,Walter,Lavada.Walter,"=""1967-02-02"""
Abner,Weber,,"=""1986-05-17"""
Sophie,Sawayn,sawayn.sophie@torpmayert.biz,"=""1967-10-12"""
Leon,Hickle,leon_hickle@fay.biz,"=""2001-10-09"""
Maye,Schaefer,maye_schaefer@fritsch.biz,"=""2004-01-20"""
Bella,Heaney,Bella.Heaney,"=""1975-06-25"""
Ashleigh,McKenzie,,"=""1997-03-21"""
Delores,Gislason,delores_gislason@hermann.info,"=""1963-04-04"""
Louie,Kovacek,,"=""1987-02-01"""
Elsie,Tillman,elsie_tillman@reilly.name,"=""1991-03-16"""
Clark,Kuvalis,clark.kuvalis@satterfield.net,"=""1957-04-01"""
Elva,Towne,towne_elva@huels.net,"=""2000-11-12"""
Ayden,Schamberger,ayden.schamberger@bosco.name,"=""1972-09-05"""
Daphne,Lehner,daphne_lehner@haag.name,"=""1995-08-11"""
Mia,O'Conner,,"=""1976-03-20"""
Amya,Witting,amya_witting@deckow.info,"=""1979-11-09"""
Hazle,Tremblay,hazle.tremblay@hansenhermann.org,"=""1982-12-28"""
Sienna,Langworth,sienna_langworth@luettgen.net,"=""1989-06-18"""
Asia,Langosh,langosh.asia@kunzealtenwerth.org,"=""1995-11-03"""
Ewald,Murray,ewald.murray@turcotte.biz,"=""1983-08-17"""
Aubrey,Reynolds,aubrey.reynolds@berge.io,"=""1962-10-28"""
Elinore,Reichert,reichert_elinore@terry.io,"=""1956-08-11"""
Blake,Runte,runte_blake@herzog.co,"=""1963-07-26"""
Jammie,Hammes,hammes_jammie@anderson.co,"=""1971-12-27"""
Rahsaan,Harvey,rahsaan_harvey@jerde.info,"=""1972-03-20"""
Krista,Leuschke,krista_leuschke@ritchie.com,"=""1995-12-21"""
Jammie,Hudson,jammie.hudson@trantow.org,"=""1994-06-08"""
Rusty,Hegmann,rusty.hegmann@ritchie.com,"=""1959-10-27"""
Aglae,Effertz,aglae.effertz@reingerauer.info,"=""1987-10-03"""
Selena,Carter,carter_selena@boganlang.net,"=""1969-01-28"""
Dillan,Willms,dillan.willms@weinatruel.io,"=""1969-09-08"""
Dina,Boyle,dina.boyle@wintheiser.io,"=""1992-09-02"""
Demetrius,Gerhold,,"=""1962-03-15"""
Dusty,Corkery,dusty_corkery@wildermanschamberger.biz,"=""1968-11-23"""
Yasmine,Effertz,Yasmine.Effertz,"=""1964-03-24"""
Silas,Kunde,kunde.silas@reinger.org,"=""1965-02-06"""
Christelle,Little,christelle.little@considinerenner.co,"=""1999-10-23"""
Herbert,Spinka,herbert.spinka@kozeybogisich.org,"=""1988-11-09"""
Ernie,Klein,klein.ernie@haaghamill.com,"=""1985-06-04"""
Efrain,Ritchie,Efrain.Ritchie,"=""1968-12-28"""
Javon,Turcotte,turcotte.javon@becker.biz,"=""1969-06-17"""
Earnestine,Schamberger,earnestine.schamberger@adams.co,"=""2003-12-22"""
Nikita,Balistreri,,"=""1996-07-15"""
Nicolette,Farrell,nicolette.farrell@hermann.info,"=""2003-10-13"""
Margarete,Miller,margarete.miller@barrows.name,"=""1991-04-01"""
Keegan,Herman,keegan.herman@herzog.net,"=""1971-01-26"""
Antone,West,west_antone@koelpin.io,"=""1997-02-04"""
Sidney,Robel,,"=""1987-06-03"""
Lauretta,Dickens,lauretta.dickens@hintzferry.org,"=""1981-06-22"""
Rogers,Hayes,Rogers.Hayes,"=""1992-03-18"""
Fausto,Sauer,sauer_fausto@abshire.info,"=""1967-11-08"""
Neva,Oberbrunner,oberbrunner.neva@sauer.info,"=""1974-05-23"""
Zoila,Greenholt,zoila.greenholt@franeckiturcotte.co,"=""1966-03-21"""
Fernando,Kirlin,kirlin.fernando@hirtheemard.net,"=""1973-08-19"""
Joesph,Upton,Joesph.Upton,"=""2000-09-05"""
Marlon,Beier,beier.marlon@mertz.info,"=""1971-02-19"""
Josefa,Schroeder,josefa_schroeder@bartoletti.com,"=""1996-10-12"""
Janelle,Padberg,padberg.janelle@altenwerth.name,"=""1996-07-05"""
Thalia,Wiegand,wiegand.thalia@schulist.co,"=""1971-12-12"""
Barton,Johns,johns_barton@beckerflatley.co,"=""1989-05-01"""
Katlynn,Buckridge,,"=""1980-03-20"""
Gus,Mann,mann_gus@purdybeer.name,"=""1996-04-26"""
Antone,Roob,roob.antone@doyleruel.com,"=""1997-11-01"""
Rosario,Ziemann,rosario_ziemann@quigleydonnelly.org,"=""1992-03-28"""
Rebeca,Lind,rebeca_lind@conroy.io,"=""1985-12-15"""
Clare,Windler,windler.clare@metz.name,"=""1985-06-01"""
Eladio,Kuvalis,Eladio.Kuvalis,"=""1982-09-24"""
Marcia,Jerde,marcia.jerde@yost.net,"=""2002-07-04"""
Oda,Bednar,,"=""1966-02-16"""
Olaf,Dare,dare_olaf@harbercremin.name,"=""1979-08-31"""
Florian,Weissnat,florian_weissnat@mullerparker.co,"=""1957-07-10"""
Archibald,Ebert,ebert_archibald@koepp.biz,"=""1961-05-18"""
Heber,Funk,,"=""1968-08-05"""
Edd,Marquardt,marquardt.edd@steuber.biz,"=""1990-12-02"""
Austen,Kuvalis,austen.kuvalis@reilly.info,"=""1988-09-11"""
Arthur,Morar,,"=""1990-05-23"""
Gabrielle,Schmeler,,"=""1994-08-05"""
Jaquan,Jaskolski,jaquan_jaskolski@heller.name,"=""1999-02-24"""
Ryleigh,Brakus,ryleigh_brakus@mitchell.com,"=""1968-04-02"""
