1,Kolby,Ruecker,ruecker_kolby@casper.name,"=""1964-01-04"""
2,Retha,Price,price_retha@schroeder.co,"=""1974-06-17"""
3,Frida,Rogahn,rogahn_frida@feeneyhyatt.biz,"=""1989-06-14"""
4,Melany,Kessler,kessler.melany@runolfon.name,"=""1994-04-11"""
5,Carleton,Turner,carleton_turner@west.com,"=""1992-02-26"""
6,Reuben,Simonis,Reuben.Simonis,"=""1999-05-15"""
7,Barrett,Gerhold,Barrett.Gerhold,"=""1966-03-27"""
8,Roberto,Murphy,Roberto.Murphy,"=""1982-05-13"""
9,Aurore,Hagenes,Aurore.Hagenes,"=""1977-08-22"""
10,Eliza,Lueilwitz,eliza.lueilwitz@kemmercruickshank.org,"=""1986-07-15"""
11,Owen,Leffler,owen_leffler@kozey.info,"=""1974-06-13"""
12,Dan,Wunsch,wunsch_dan@boganfeil.name,"=""1964-10-12"""
13,Bud,Keebler,bud_keebler@cremin.org,"=""1982-11-03"""
14,Fern,Hodkiewicz,hodkiewicz_fern@abernathy.biz,"=""1984-04-02"""
15,Cortez,Crona,cortez.crona@watsica.org,"=""1991-11-24"""
16,Ryleigh,Rippin,rippin_ryleigh@romaguera.org,"=""1984-04-10"""
17,Wyman,Wyman,wyman.wyman@pollichheathcote.io,"=""1970-03-12"""
18,Kennedy,Hirthe,kennedy.hirthe@turnerjacobson.info,"=""1974-10-28"""
19,Arlene,Cummerata,,"=""1970-09-30"""
20,Milan,Kulas,kulas_milan@wittingwalker.com,"=""1984-07-25"""
21,Baylee,Bode,baylee_bode@zemlak.info,"=""1980-07-21"""
22,Matilde,Zieme,zieme.matilde@okeefelakin.io,"=""1991-01-12"""
23,Herminio,Bosco,herminio_bosco@koelpin.biz,"=""2000-10-26"""
24,Louie,Kertzmann,kertzmann_louie@gutkowski.com,"=""1963-07-07"""
25,Lela,Grimes,lela_grimes@hayes.com,"=""1972-12-24"""
26,Elmore,Rosenbaum,,"=""2004-01-14"""
27,Naomi,Nicolas,naomi_nicolas@schimmel.net,"=""1987-11-17"""
28,Ona,Green,ona_green@rutherford.io,"=""1985-07-13"""
29,Jarrod,Goyette,jarrod_goyette@mosciskiankunding.co,"=""1973-10-13"""
30,Berneice,Rosenbaum,rosenbaum.berneice@windler.co,"=""1975-07-16"""
31,Tyshawn,Lubowitz,tyshawn_lubowitz@pagac.co,"=""1963-09-20"""
32,Nelda,Beier,nelda.beier@millerpadberg.com,"=""1988-03-21"""
33,Irwin,Hilll,irwin_hilll@pouros.info,"=""1972-01-12"""
34,Jadyn,Schaden,jadyn_schaden@greenfelder.info,"=""1982-09-11"""
35,Eldora,Hickle,Eldora.Hickle,"=""1973-12-14"""
36,Jaunita,Friesen,Jaunita.Friesen,"=""1963-10-28"""
37,Orlando,Feeney,feeney.orlando@williamson.biz,"=""1985-08-14"""
38,Philip,Wilderman,philip_wilderman@hane.name,"=""1978-01-02"""
39,Gabriella,Hansen,Gabriella.Hansen,"=""1972-12-06"""
40,Bettye,Boyer,boyer.bettye@lehner.name,"=""1991-07-15"""
41,Archibald,Kautzer,kautzer.archibald@stark.org,"=""1981-01-14"""
42,Alexandre,O'Hara,o_alexandre_hara@sauertrantow.io,"=""2003-05-31"""
43,Bianka,Parker,bianka.parker@reynoldsbernhard.name,"=""1983-03-12"""
44,Hubert,Paucek,hubert_paucek@ruecker.info,"=""1987-07-17"""
45,Max,Kunze,kunze_max@sipes.biz,"=""1985-01-30"""
46,Weston,Feest,weston.feest@harber.name,"=""1968-06-25"""
47,Kennedy,Pollich,kennedy_pollich@reynoldsjast.com,"=""2003-02-08"""
48,Samson,Casper,Samson.Casper,"=""1999-11-04"""
49,Ralph,Strosin,,"=""1987-11-09"""
50,Mathias,Towne,,"=""1969-09-08"""
51,Gia,Miller,,"=""1995-04-13"""
52,Sigurd,Hane,hane_sigurd@simonis.io,"=""1974-04-08"""
53,Stephon,Wolff,Stephon.Wolff,"=""1978-01-24"""
54,Leopold,Hirthe,hirthe.leopold@torpblanda.net,"=""1974-10-20"""
55,Kianna,Wolf,wolf.kianna@berge.name,"=""1971-07-07"""
56,Damien,Hegmann,damien_hegmann@oconnell.name,"=""1972-11-24"""
57,Alisha,Wuckert,wuckert.alisha@robel.io,"=""2002-02-22"""
58,Anastasia,Lehner,anastasia_lehner@lebsack.net,"=""1956-12-02"""
59,Alanna,Wunsch,alanna_wunsch@oconner.co,"=""1984-05-19"""
60,Antonina,Pouros,pouros_antonina@nolanstiedemann.co,"=""1993-01-23"""
61,Mark,Kirlin,kirlin_mark@uptonmoore.com,"=""1990-10-15"""
62,Alize,Russel,Alize.Russel,"=""1962-12-25"""
63,Ariel,Muller,,"=""1959-07-26"""
64,Kathleen,Koss,koss.kathleen@hintzmuller.com,"=""1967-11-07"""
65,Edwardo,Barrows,,"=""1971-10-26"""
66,Rita,Torp,Rita.Torp,"=""1968-05-09"""
67,Murphy,Abbott,abbott_murphy@bergeoberbrunner.com,"=""1985-02-14"""
68,Citlalli,Ernser,,"=""1986-01-29"""
69,Domenica,Morissette,domenica.morissette@trantow.co,"=""1957-11-10"""
70,Malvina,Leffler,Malvina.Leffler,"=""1970-05-12"""
71,Lucie,Monahan,monahan_lucie@ohara.com,"=""1973-12-10"""
72,Estefania,Ortiz,estefania.ortiz@mantemetz.org,"=""1981-01-02"""
73,Dan,Windler,dan.windler@dickinson.org,"=""1958-02-24"""
74,Bennie,Kirlin,,"=""1956-03-22"""
75,Vernice,Metz,,"=""1960-01-28"""
76,Osbaldo,Franecki,franecki.osbaldo@dickizboncak.io,"=""1959-03-20"""
77,Nels,Wisozk,Nels.Wisozk,"=""1965-06-05"""
78,Franz,Wuckert,Franz.Wuckert,"=""1959-11-14"""
79,Bethel,Wunsch,wunsch.bethel@legros.co,"=""1971-10-18"""
80,Glenna,Hermiston,hermiston_glenna@morardenesik.com,"=""1989-01-19"""
81,Janie,Koepp,koepp_janie@berge.name,"=""1957-05-08"""
82,Mikel,Zboncak,,"=""1970-01-02"""
83,Jeff,Adams,jeff_adams@murray.com,"=""1959-02-03"""
84,Rollin,Feest,rollin.feest@hauck.biz,"=""1971-09-21"""
85,Myah,Batz,,"=""2000-03-13"""
86,Colten,Rolfson,,"=""1968-09-30"""
87,Ila,Tromp,tromp_ila@feil.biz,"=""1993-11-18"""
88,Ramiro,Schroeder,,"=""1989-12-19"""
89,Dylan,Donnelly,,"=""2000-07-31"""
90,Oran,Hirthe,oran.hirthe@wunsch.com,"=""1958-09-28"""
91,Rosina,Gusikowski,gusikowski_rosina@vandervort.com,"=""1992-12-03"""
92,Fern,Pouros,fern.pouros@hermandoyle.biz,"=""1986-10-15"""
93,Rickie,Wehner,,"=""2001-03-15"""
94,Carmel,Stiedemann,Carmel.Stiedemann,"=""1978-06-16"""
95,Sherman,Grant,Sherman.Grant,"=""1988-02-20"""
96,Elian,Schamberger,elian_schamberger@schultzhartmann.org,"=""1988-07-26"""
97,Colby,Pfeffer,colby_pfeffer@nienowwindler.info,"=""1972-08-01"""
98,Price,Blick,price_blick@bashirianko.info,"=""1992-06-14"""
99,Lionel,Parker,lionel.parker@hauck.io,"=""1960-12-18"""
100,Emmanuel,Nader,emmanuel.nader@brown.co,"=""1999-01-25"""
